{"cameraMode":{"drawMode":0,"name":"Shaded","section":"Shading Mode"},"sceneLighting":false,"audioPlay":false,"sceneViewState":{"showFog":true,"showMaterialUpdate":false,"showSkybox":false,"showFlares":true,"showImageEffects":true,"showParticleSystems":true},"in2DMode":false,"pivot":{"x":13.664047241210938,"y":12.354560852050782,"z":4.282000541687012},"rotation":{"x":-0.2938036322593689,"y":0.6195403337478638,"z":-0.26913225650787356,"w":-0.6763384938240051},"size":0.28578948974609377,"orthographic":false}