{"cameraMode":{"drawMode":0,"name":"Shaded","section":"Shading Mode"},"sceneLighting":true,"audioPlay":false,"sceneViewState":{"showFog":true,"showMaterialUpdate":false,"showSkybox":true,"showFlares":true,"showImageEffects":true,"showParticleSystems":true},"in2DMode":false,"pivot":{"x":-24.54840660095215,"y":-11.435128211975098,"z":-10.041391372680664},"rotation":{"x":0.12441723048686981,"y":-0.8229925036430359,"z":0.19775135815143586,"w":0.5178194046020508},"size":33.81378173828125,"orthographic":false}